area,year,salary,insurance_rate,growth,collect_rate
11,1965,672,0,0,0
11,1966,664,0,-0.010714286,0
11,1967,669,0,0.006777108,0
11,1968,657,0,-0.016143498,0
11,1969,655,0,-0.002739726,0
11,1970,639,0,-0.021984733,0
11,1971,638,0,-0.001408451,0
11,1972,670,0,0.045141066,0
11,1973,669,0,-0.001343284,0
11,1974,665,0,-0.005381166,0
11,1975,661,0,-0.005413534,0
11,1976,655,0,-0.00816944,0
11,1977,656,0,0.001374046,0
11,1978,701,0,0.061737805,0
11,1979,761,0,0.07703281,0
11,1980,868,0,0.126544021,0
11,1981,880,0,0.012442396,0
11,1982,896,0,0.016363636,0
11,1983,964,0,0.068303571,0
11,1984,1127,0,0.052178423,0
11,1985,1343,0,0.072493345,0
11,1986,1488,0,0.097170514,0
11,1987,1787,0,0.070846774,0
11,1988,2107,0,0.061163962,0
11,1989,2312,0,0.087565259,0
11,1990,2653,0,0.132742215,0
11,1991,2877,0,0.075989446,0
11,1992,3402,0,0.064233577,0
11,1993,4510,0,0.103121693,0
11,1994,6523,0,0.091707317,0
11,1995,8144,0,0.08365476,0
11,1996,9579,0,0.068583006,0
11,1997,11019,0,0.13529596,0.755913314
11,1998,12451,0,0.116961612,0.705568957
11,1999,14054,0,0.115870211,0.740166733
11,2000,16350,0,0.067032873,0.716956208
11,2001,19155,0,0.05440367,0.759636612
11,2002,21852,0,0.126718872,0.80603229
11,2003,25312,0,0.062504119,0.76600938
11,2004,29674,0,0.075096397,0.724184955
11,2005,34191,0,0.136998719,0.735080019
11,2006,40117,0,0.055988418,0.71627193
11,2007,46507,0,0.063355685,0.666365251
11,2008,56328,0,0.09005526,0.61686247
11,2009,58140,0,0.028951853,0.550218792
11,2010,65683,0,0.116764706,0.540764856
11,2011,75835,0,0.139104487,0.522440986
11,2012,85306,0,0.112400607,0.567618286
11,2013,93997,0,0.091692261,0.588655569
11,2014,103400,0,0.090031597,0.575792051
11,2015,113073,0,0.084194391,0.565654419
11,2016,122749,0,0.077015733,0.669722045
11,2017,134994,0,0.089780772,0.663953094
11,2018,149843,0.80115088,0.098997733,0.85456658
11,2019,173205,0.80535815,0.060318867,0.800577145
11,2020,185026,0.797947265,0.061423746,0.744801962
12,1965,613,0,0,0
12,1966,606,0,-0.011190865,0
12,1967,610,0,0.006468647,0
12,1968,600,0,-0.016065574,0
12,1969,598,0,-0.003266667,0
12,1970,583,0,-0.002458194,0
12,1971,582,0,-0.001680961,0
12,1972,611,0,0.048831615,0
12,1973,610,0,-0.001603928,0
12,1974,607,0,-0.004819672,0
12,1975,603,0,-0.00645799,0
12,1976,598,0,-0.008126036,0
12,1977,599,0,0.071638796,0
12,1978,640,0,0.067078464,0
12,1979,732,0,0.140875,0
12,1980,820,0,0.117814208,0
12,1981,845,0,0.069878049,0
12,1982,865,0,0.073195266,0
12,1983,916,0,0.067780347,0
12,1984,1132,0,0.231091703,0
12,1985,1165,0,0.028568905,0
12,1986,1380,0,0.180858369,0
12,1987,1651,0,0.192449275,0
12,1988,1975,0,0.192319806,0
12,1989,2262,0,0.142410127,0
12,1990,2438,0,0.076251105,0
12,1991,2724,0,0.114963084,0
12,1992,3118,0,0.14174743,0
12,1993,4003,0,0.278159076,0
12,1994,5364,0,0.333195104,0
12,1995,6501,0,0.207729306,0
12,1996,7643,0,0.172151977,0
12,1997,8238,0,0.076292032,0.709339143
12,1998,9946,0,0.203185239,0.734197457
12,1999,11056,0,0.109370601,0.730580855
12,2000,12480,0,0.126222865,0.692952366
12,2001,14308,0,0.143544872,0.71123965
12,2002,16258,0,0.133561644,0.796368705
12,2003,18648,0,0.144064461,0.824697182
12,2004,21754,0,0.163228228,0.896114076
12,2005,25271,0,0.158437988,0.803766883
12,2006,28682,0,0.132277314,0.839797472
12,2007,34938,0,0.213753574,0.88823505
12,2008,41748,0,0.191018375,0.805287819
12,2009,44992,0,0.076150235,0.706340751
12,2010,52963,0,0.173621533,0.672855136
12,2011,55636,0,0.049459812,0.639438688
12,2012,65398,0,0.171952693,0.708500785
12,2013,68864,0,0.051938591,0.632102476
12,2014,73839,0,0.070798966,0.655157643
12,2015,81486,0,0.101491895,0.654530307
12,2016,87806,0,0.076008149,0.669468526
12,2017,96965,0,0.10222331,0.721348839
12,2018,103931,0.757148598,0.070403548,0.781165508
12,2019,111602,0.762447757,0.072332413,0.754318202
12,2020,118918,0.632723577,0.064243293,0.736686122
13,1965,573,0,0,0
13,1966,566,0,-0.011972077,0
13,1967,570,0,0.006925795,0
13,1968,561,0,-0.015473684,0
13,1969,559,0,-0.003493761,0
13,1970,545,0,-0.024543828,0
13,1971,544,0,-0.001798165,0
13,1972,571,0,0.048639706,0
13,1973,570,0,-0.001716287,0
13,1974,567,0,-0.005157895,0
13,1975,564,0,-0.005185185,0
13,1976,553,0,-0.019113475,0
13,1977,554,0,0.001772152,0
13,1978,592,0,0.067220217,0
13,1979,636,0,0.072837838,0
13,1980,726,0,0.138679245,0
13,1981,771,0,0.060743802,0
13,1982,800,0,0.036861219,0
13,1983,824,0,0.0294,0
13,1984,965,0,0.167694175,0
13,1985,1043,0,0.079212435,0
13,1986,1221,0,0.167248322,0
13,1987,1394,0,0.138853399,0
13,1988,1688,0,0.206685796,0
13,1989,1821,0,0.07721564,0
13,1990,2019,0,0.106556837,0
13,1991,2156,0,0.066498266,0
13,1992,2485,0,0.089545455,0
13,1993,3034,0,0.090650704,0
13,1994,4185,0,0.101779829,0
13,1995,4839,0,0.153146953,0
13,1996,5286,0,0.090526968,0
13,1997,5692,0,0.075270526,0.814657298
13,1998,6302,0,0.105024596,0.784022644
13,1999,7022,0,0.111964456,0.79480397
13,2000,7781,0,0.105927086,0.813630807
13,2001,8730,0,0.119524483,0.808557462
13,2002,10032,0,0.146158076,0.786906791
13,2003,11189,0,0.113024322,0.747984674
13,2004,12925,0,0.152049334,0.779759619
13,2005,14707,0,0.135114894,0.803566099
13,2006,16590,0,0.125473584,0.75941529
13,2007,19911,0,0.196177215,0.809805074
13,2008,24756,0,0.238466174,0.816481519
13,2009,28383,0,0.143579738,0.803097918
13,2010,32306,0,0.135452207,0.823001888
13,2011,35973,0,0.11123816,0.816193792
13,2012,39542,0,0.097229033,0.766989142
13,2013,42532,0,0.074103485,0.739312561
13,2014,46239,0,0.085414747,0.775564963
13,2015,52409,0,0.130768399,0.762377452
13,2016,56987,0,0.085604381,0.609692506
13,2017,65266,0,0.082373173,0.616143546
13,2018,71633,0.62143617,0.09560353,0.624081799
13,2019,75775,0.657753587,0.056666062,0.646904255
13,2020,79964,0.554242496,0.044176443,0.602026786
14,1965,624,0,0,0
14,1966,617,0,-0.01099359,0
14,1967,621,0,0.076353323,0
14,1968,610,0,-0.00173591,0
14,1969,608,0,-0.003213115,0
14,1970,593,0,-0.024177632,0
14,1971,592,0,-0.001652614,0
14,1972,622,0,0.049662162,0
14,1973,621,0,-0.001575563,0
14,1974,618,0,-0.0047343,0
14,1975,614,0,-0.006343042,0
14,1976,602,0,-0.001915309,0
14,1977,601,0,-0.001627907,0
14,1978,632,0,0.050549085,0
14,1979,755,0,0.190727848,0
14,1980,754,0,-0.001298013,0
14,1981,802,0,0.062387268,0
14,1982,830,0,0.074214464,0
14,1983,868,0,0.08586747,0
14,1984,1086,0,0.246129032,0
14,1985,1098,0,0.080828729,0
14,1986,1266,0,0.149945355,0
14,1987,1427,0,0.124628752,0
14,1988,1661,0,0.160700771,0
14,1989,1902,0,0.142191451,0
14,1990,2111,0,0.107686646,0
14,1991,2267,0,0.072420654,0
14,1992,2530,0,0.113692104,0
14,1993,3025,0,0.19173913,0
14,1994,3997,0,0.314895868,0
14,1995,4721,0,0.177513135,0
14,1996,5183,0,0.09590341,0
14,1997,5320,0,0.065903917,0.668925373
14,1998,5641,0,0.059131579,0.727049741
14,1999,6065,0,0.073660698,0.823761964
14,2000,6918,0,0.137830173,0.807814603
14,2001,8122,0,0.170557965,0.863495216
14,2002,9357,0,0.149015021,0.886818838
14,2003,10729,0,0.143695629,0.893735378
14,2004,12943,0,0.202229472,0.843209269
14,2005,15645,0,0.204586263,0.869125233
14,2006,18300,0,0.166308725,0.876791211
14,2007,21525,0,0.172704918,0.827654774
14,2008,25828,0,0.195908943,0.838753914
14,2009,28469,0,0.100208301,0.864724899
14,2010,33544,0,0.174698795,0.875686387
14,2011,39903,0,0.185780467,0.851386141
14,2012,44943,0,0.123780167,0.855313381
14,2013,47417,0,0.053946555,0.821580544
14,2014,49984,0,0.073053968,0.873355606
14,2015,52960,0,0.058348271,0.839385819
14,2016,54975,0,0.087286631,0.675239405
14,2017,61547,0,0.117154343,0.691123372
14,2018,67669,0.653840504,0.097479325,0.707104796
14,2019,72207,0.621528067,0.065720492,0.723242288
14,2020,77364,0.653383234,0.069991275,0.734996375
15,1965,678,0,0,0
15,1966,670,0,-0.011563422,0
15,1967,675,0,0.07313433,0
15,1968,663,0,-0.001742222,0
15,1969,661,0,-0.002956259,0
15,1970,645,0,-0.002372163,0
15,1971,644,0,-0.00151938,0
15,1972,676,0,0.078695652,0
15,1973,675,0,-0.001449704,0
15,1974,671,0,0.06807407,0
15,1975,667,0,-0.001842027,0
15,1976,679,0,0.077631184,0
15,1977,678,0,-0.001443299,0
15,1978,712,0,0.069144543,0
15,1979,697,0,-0.002064607,0
15,1980,796,0,0.139196557,0
15,1981,851,0,0.067713568,0
15,1982,868,0,0.069576968,0
15,1983,902,0,0.068387097,0
15,1984,1047,0,0.157538803,0
15,1985,1095,0,0.074928367,0
15,1986,1239,0,0.128876712,0
15,1987,1331,0,0.072768362,0
15,1988,1548,0,0.159774606,0
15,1989,1685,0,0.086731266,0
15,1990,1846,0,0.093637982,0
15,1991,2012,0,0.088125677,0
15,1992,2339,0,0.159274354,0
15,1993,2796,0,0.191474989,0
15,1994,3675,0,0.308090129,0
15,1995,4134,0,0.1224,0
15,1996,4716,0,0.13796807,0
15,1997,5124,0,0.084783715,0.800080697
15,1998,5792,0,0.127759563,0.821514713
15,1999,6347,0,0.093905387,0.803036938
15,2000,6974,0,0.096811092,0.840084007
15,2001,8250,0,0.179305994,0.806299705
15,2002,9683,0,0.17022303,0.858193202
15,2003,11279,0,0.161528452,0.849359158
15,2004,13324,0,0.177684192,0.827074131
15,2005,15985,0,0.195720504,0.826433844
15,2006,18469,0,0.15228777,0.82955573
15,2007,21884,0,0.181206346,0.856206831
15,2008,26114,0,0.189426065,0.802506705
15,2009,30699,0,0.172064793,0.863944344
15,2010,35507,0,0.15348513,0.808825287
15,2011,41481,0,0.164883544,0.815718673
15,2012,47053,0,0.131640028,0.804561455
15,2013,51388,0,0.090287548,0.782669265
15,2014,54460,0,0.078584884,0.751229092
15,2015,57870,0,0.066362468,0.749953744
15,2016,61994,0,0.071837913,0.730207337
15,2017,67688,0,0.090010646,0.744126067
15,2018,75601,0.730100788,0.11456595,0.703493218
15,2019,83277,0.71955293,0.099502388,0.669587254
15,2020,87916,0.685357143,0.064591544,0.658652677
21,1965,628,0,0,0
21,1966,620,0,-0.012484076,0
21,1967,625,0,0.007903226,0
21,1968,614,0,-0.017248,0
21,1969,612,0,-0.003192182,0
21,1970,597,0,-0.024019608,0
21,1971,596,0,-0.001641541,0
21,1972,626,0,0.049328859,0
21,1973,625,0,-0.001565495,0
21,1974,621,0,-0.006272,0
21,1975,617,0,-0.006312399,0
21,1976,612,0,-0.007941653,0
21,1977,613,0,0.001601307,0
21,1978,654,0,0.065546493,0
21,1979,711,0,0.085412844,0
21,1980,811,0,0.137834037,0
21,1981,822,0,0.013292232,0
21,1982,828,0,0.007153285,0
21,1983,852,0,0.028405797,0
21,1984,989,0,0.15758216,0
21,1985,1064,0,0.074317492,0
21,1986,1243,0,0.164868421,0
21,1987,1469,0,0.178181818,0
21,1988,1784,0,0.210142954,0
21,1989,1982,0,0.108766816,0
21,1990,2180,0,0.09790111,0
21,1991,2371,0,0.085862385,0
21,1992,2715,0,0.142184732,0
21,1993,3248,0,0.192390424,0
21,1994,4269,0,0.308060345,0
21,1995,4911,0,0.147378777,0
21,1996,5269,0,0.071439625,0
21,1997,5591,0,0.059889922,0.836984275
21,1998,7161,0,0.275192273,0.801299462
21,1999,7895,0,0.100449658,0.867780506
21,2000,8811,0,0.113702343,0.866094089
21,2001,10145,0,0.148373624,0.843307766
21,2002,11659,0,0.146251355,0.840383365
21,2003,13008,0,0.113390514,0.877926603
21,2004,14921,0,0.144122079,0.832712323
21,2005,17331,0,0.158286978,0.830713316
21,2006,19624,0,0.129660147,0.825109562
21,2007,23202,0,0.178681207,0.861915819
21,2008,27729,0,0.19121024,0.816367751
21,2009,31104,0,0.119279455,0.767901038
21,2010,35057,0,0.124547968,0.76366679
21,2011,38713,0,0.102201557,0.807753267
21,2012,42503,0,0.095941932,0.831190466
21,2013,46310,0,0.087778745,0.832945386
21,2014,49110,0,0.059252861,0.827783835
21,2015,53458,0,0.086765221,0.849494133
21,2016,57148,0,0.067645628,0.81610827
21,2017,62545,0,0.09255022,0.795447066
21,2018,69093,0.843004818,0.102598769,0.769700438
21,2019,75264,0.86524077,0.087528114,0.799344736
21,2020,82223,0.816509115,0.090611979,0.708958849
22,1965,740,0,0,0
22,1966,718,0,-0.029135135,0
22,1967,685,0,-0.045041783,0
22,1968,670,0,-0.021459854,0
22,1969,744,0,0.108238806,0
22,1970,698,0,-0.060591398,0
22,1971,677,0,-0.029484241,0
22,1972,736,0,0.085406204,0
22,1973,638,0,-0.13048913,0
22,1974,671,0,0.050689655,0
22,1975,655,0,-0.023368107,0
22,1976,636,0,-0.028427481,0
22,1977,609,0,-0.041603774,0
22,1978,651,0,0.067586207,0
22,1979,700,0,0.073763441,0
22,1980,763,0,0.0882,0
22,1981,840,0,0.098899083,0
22,1982,863,0,0.026833333,0
22,1983,881,0,0.020440324,0
22,1984,1008,0,0.141271283,0
22,1985,1055,0,0.045694444,0
22,1986,1188,0,0.123545024,0
22,1987,1366,0,0.146835017,0
22,1988,1630,0,0.189399707,0
22,1989,1755,0,0.075153374,0
22,1990,1888,0,0.074267806,0
22,1991,2045,0,0.081493644,0
22,1992,2308,0,0.12603423,0
22,1993,2700,0,0.06644714,0
22,1994,3666,0,0.050622222,0
22,1995,4430,0,0.074233497,0
22,1996,5370,0,0.087945824,0
22,1997,5664,0,0.053653631,0.854309247
22,1998,6551,0,0.053471045,0.794608819
22,1999,7158,0,0.090804457,0.780036209
22,2000,7924,0,0.10487287,0.858166998
22,2001,8771,0,0.10475265,0.806155455
22,2002,9990,0,0.136201117,0.85089572
22,2003,11081,0,0.107025025,0.851794388
22,2004,12431,0,0.119393557,0.851808501
22,2005,14409,0,0.055935967,0.781862355
22,2006,16583,0,0.067860365,0.820910649
22,2007,20513,0,0.062249894,0.791819273
22,2008,23486,0,0.142033832,0.778397972
22,2009,26230,0,0.11449885,0.807322162
22,2010,29399,0,0.118399543,0.782286571
22,2011,34197,0,0.159938773,0.846710145
22,2012,39092,0,0.140278387,0.822495405
22,2013,43821,0,0.118551622,0.782524189
22,2014,47683,0,0.086368636,0.84934381
22,2015,52927,0,0.107776776,0.786659493
22,2016,57486,0,0.08441476,0.760610464
22,2017,62908,0,0.092432244,0.732868796
22,2018,70309,0.649579541,0.115295034,0.72959762
22,2019,76401,0.698129862,0.084913169,0.731849633
22,2020,81050,0.693846154,0.059632989,0.674180418
23,1965,679,0,0,0
23,1966,671,0,-0.006154639,0
23,1967,675,0,0.055842027,0
23,1968,664,0,-0.005597037,0
23,1969,662,0,-0.002951807,0
23,1970,646,0,-0.00136858,0
23,1971,644,0,-0.003034056,0
23,1972,677,0,0.078217391,0
23,1973,675,0,-0.002895126,0
23,1974,672,0,-0.004355556,0
23,1975,667,0,-0.001291667,0
23,1976,662,0,-0.001346327,0
23,1977,663,0,0.081480363,0
23,1978,708,0,0.086515837,0
23,1979,769,0,0.084435028,0
23,1980,877,0,0.13763329,0
23,1981,889,0,0.091340935,0
23,1982,908,0,0.082094488,0
23,1983,930,0,0.076374449,0
23,1984,1039,0,0.114860215,0
23,1985,1046,0,0.106602502,0
23,1986,1209,0,0.152715105,0
23,1987,1357,0,0.119966915,0
23,1988,1578,0,0.159602063,0
23,1989,1739,0,0.099987326,0
23,1990,1850,0,0.102553191,0
23,1991,2070,0,0.116540541,0
23,1992,2295,0,0.106521739,0
23,1993,2661,0,0.156287582,0
23,1994,3375,0,0.262953777,0
23,1995,4145,0,0.223585185,0
23,1996,4564,0,0.099063932,0
23,1997,4889,0,0.069785276,0.819187232
23,1998,6238,0,0.270407036,0.824582046
23,1999,7094,0,0.134479,0.828222559
23,2000,7835,0,0.102365379,0.803806754
23,2001,8910,0,0.134460753,0.870511827
23,2002,9926,0,0.111748597,0.848199561
23,2003,11038,0,0.109788434,0.815622335
23,2004,12557,0,0.1348632,0.76595159
23,2005,14458,0,0.14836187,0.798396864
23,2006,16505,0,0.138750865,0.872114645
23,2007,19386,0,0.171062102,0.872341371
23,2008,23046,0,0.185020118,0.762658966
23,2009,26535,0,0.148365009,0.80912317
23,2010,29603,0,0.113308461,0.850173304
23,2011,33503,0,0.129108536,0.798979765
23,2012,38598,0,0.149034415,0.840715211
23,2013,42744,0,0.105266594,0.763188425
23,2014,46036,0,0.075476324,0.85262181
23,2015,51241,0,0.110802416,0.801837407
23,2016,55299,0,0.077610507,0.789998724
23,2017,59995,0,0.083221758,0.773689823
23,2018,65397,0.752252577,0.08824002,0.756144624
23,2019,72603,0.797394476,0.10798477,0.766133518
23,2020,78972,0.754521513,0.085969175,0.728172374
31,1965,760,0,0,0
31,1966,735,0,-0.029605263,0
31,1967,736,0,0.00122449,0
31,1968,680,0,-0.006847826,0
31,1969,686,0,0.007941176,0
31,1970,676,0,-0.013119534,0
31,1971,672,0,-0.005325444,0
31,1972,672,0,0,0
31,1973,665,0,-0.009375,0
31,1974,660,0,-0.006766917,0
31,1975,641,0,-0.025909091,0
31,1976,633,0,-0.011232449,0
31,1977,623,0,-0.014218009,0
31,1978,672,0,0.070786517,0
31,1979,784,0,0.15,0
31,1980,873,0,0.102168367,0
31,1981,910,0,0.03814433,0
31,1982,920,0,0.05989011,0
31,1983,935,0,0.014673913,0
31,1984,1160,0,0.21657754,0
31,1985,1344,0,0.142758621,0
31,1986,1593,0,0.166741071,0
31,1987,1893,0,0.169491525,0
31,1988,2276,0,0.182091918,0
31,1989,2608,0,0.131282953,0
31,1990,2917,0,0.106633436,0
31,1991,3375,0,0.141309565,0
31,1992,4273,0,0.239466667,0
31,1993,5646,0,0.289187924,0
31,1994,7405,0,0.280393199,0
31,1995,9279,0,0.227765024,0
31,1996,10663,0,0.134238603,0
31,1997,11425,0,0.064315859,0.877153231
31,1998,13580,0,0.1697593,0.872793009
31,1999,16641,0,0.202864507,0.843181345
31,2000,18531,0,0.102217415,0.80990988
31,2001,21781,0,0.157843613,0.841668451
31,2002,23959,0,0.089995868,0.854051219
31,2003,27304,0,0.125652156,0.875233866
31,2004,30085,0,0.091667887,0.848193054
31,2005,34345,0,0.127438923,0.83169327
31,2006,41188,0,0.179318678,0.802228821
31,2007,49310,0,0.177474022,0.77210048
31,2008,56565,0,0.13241736,0.841852525
31,2009,63549,0,0.111121718,0.838244904
31,2010,71874,0,0.117901147,0.798914165
31,2011,77031,0,0.064575507,0.852133736
31,2012,80191,0,0.036920201,0.882183671
31,2013,91477,0,0.126665087,0.796719033
31,2014,100623,0,0.089983274,0.808751956
31,2015,109279,0,0.077421663,0.806690014
31,2016,120503,0,0.09243862,0.842407349
31,2017,130765,0,0.076643735,0.81319046
31,2018,142983,0.863934345,0.084091309,0.871847467
31,2019,151772,0.855218252,0.065321961,0.86839784
31,2020,174678,0.762850845,0.055831379,0.756370018
32,1965,492,0,0,0
32,1966,486,0,-0.01097561,0
32,1967,489,0,0.005555556,0
32,1968,481,0,-0.014723926,0
32,1969,479,0,-0.003742204,0
32,1970,467,0,-0.022546973,0
32,1971,467,0,0,0
32,1972,490,0,0.044325482,0
32,1973,489,0,-0.001836735,0
32,1974,487,0,-0.003680982,0
32,1975,483,0,-0.007392197,0
32,1976,479,0,-0.007453416,0
32,1977,480,0,0.001878914,0
32,1978,513,0,0.061875,0
32,1979,584,0,0.124561404,0
32,1980,667,0,0.127910959,0
32,1981,718,0,0.068815592,0
32,1982,748,0,0.037604457,0
32,1983,768,0,0.024064171,0
32,1984,1003,0,0.075390625,0
32,1985,1037,0,0.030508475,0
32,1986,1218,0,0.157087753,0
32,1987,1471,0,0.086945813,0
32,1988,1796,0,0.078844324,0
32,1989,1918,0,0.061135857,0
32,1990,2129,0,0.099009385,0
32,1991,2302,0,0.073132926,0
32,1992,2800,0,0.194700261,0
32,1993,3613,0,0.091321429,0
32,1994,4974,0,0.13902574,0
32,1995,5943,0,0.175331725,0
32,1996,6603,0,0.09994952,0
32,1997,7108,0,0.068832349,0.790960801
32,1998,8256,0,0.145357344,0.81972035
32,1999,9171,0,0.09974564,0.747862701
32,2000,10299,0,0.110696762,0.804754087
32,2001,11842,0,0.134838334,0.799891165
32,2002,13509,0,0.126693126,0.754511456
32,2003,15712,0,0.076768821,0.730362355
32,2004,18202,0,0.072629837,0.809889618
32,2005,20957,0,0.086221294,0.769522496
32,2006,23782,0,0.071319845,0.762404436
32,2007,27374,0,0.085934741,0.794971399
32,2008,31667,0,0.101144882,0.774949241
32,2009,35890,0,0.120020842,0.722673716
32,2010,40505,0,0.115728615,0.672010961
32,2011,45987,0,0.121807184,0.683331497
32,2012,51279,0,0.1035684,0.706764032
32,2013,57984,0,0.117679752,0.641104459
32,2014,61783,0,0.058966267,0.605269031
32,2015,67200,0,0.078910056,0.622899852
32,2016,72684,0,0.073446429,0.606913675
32,2017,79741,0,0.087382368,0.665076511
32,2018,86590,0.729495422,0.077301514,0.7836323
32,2019,98669,0.751359482,0.04554683,0.651378357
32,2020,106034,0.695018673,0.047179155,0.586450422
33,1965,587,0,0,0
33,1966,580,0,-0.010732538,0
33,1967,584,0,0.046206897,0
33,1968,574,0,-0.001541096,0
33,1969,572,0,-0.003135889,0
33,1970,558,0,-0.022027972,0
33,1971,557,0,-0.001612903,0
33,1972,585,0,0.04524237,0
33,1973,584,0,-0.001538462,0
33,1974,581,0,-0.004623288,0
33,1975,577,0,-0.006196213,0
33,1976,572,0,-0.00779896,0
33,1977,573,0,0.061573427,0
33,1978,612,0,0.061256545,0
33,1979,665,0,0.077941176,0
33,1980,759,0,0.127218045,0
33,1981,769,0,0.071857708,0
33,1982,783,0,0.066384915,0
33,1983,797,0,0.056091954,0
33,1984,976,0,0.202132999,0
33,1985,1065,0,0.082069672,0
33,1986,1241,0,0.148732394,0
33,1987,1493,0,0.182755842,0
33,1988,1841,0,0.209778969,0
33,1989,2031,0,0.092884302,0
33,1990,2220,0,0.083751846,0
33,1991,2422,0,0.081891892,0
33,1992,2884,0,0.171676301,0
33,1993,4201,0,0.410991678,0
33,1994,5597,0,0.29907165,0
33,1995,6619,0,0.164338038,0
33,1996,7413,0,0.107961928,0
33,1997,8386,0,0.118130312,0.808415285
33,1998,9759,0,0.147352731,0.865581459
33,1999,11201,0,0.132984937,0.846545162
33,2000,13076,0,0.150656191,0.823356007
33,2001,16385,0,0.227753136,0.801601373
33,2002,18785,0,0.131827891,0.699641499
33,2003,21367,0,0.123705084,0.660449734
33,2004,23506,0,0.090096878,0.675405102
33,2005,25896,0,0.091508551,0.676508982
33,2006,27820,0,0.06686747,0.689284873
33,2007,31086,0,0.1056578,0.678070744
33,2008,34146,0,0.088592936,0.682768046
33,2009,37395,0,0.085635213,0.6720922
33,2010,41505,0,0.098916968,0.669065537
33,2011,45780,0,0.092699675,0.647529106
33,2012,50813,0,0.098944954,0.647663641
33,2013,57310,0,0.115074882,0.622385666
33,2014,62460,0,0.080875938,0.649389151
33,2015,67707,0,0.075605187,0.678005999
33,2016,74644,0,0.092210554,0.708735904
33,2017,82642,0,0.096433739,0.780505018
33,2018,90857,0.776887392,0.089464195,0.758114527
33,2019,101996,0.771939528,0.110339324,0.746923284
33,2020,111722,0.739891107,0.085821013,0.628480569
34,1965,532,0,0,0
34,1966,526,0,-0.011052632,0
34,1967,529,0,0.005589354,0
34,1968,520,0,-0.016672968,0
34,1969,518,0,-0.003769231,0
34,1970,506,0,-0.022702703,0
34,1971,505,0,-0.001936759,0
34,1972,530,0,0.048514851,0
34,1973,529,0,-0.001849057,0
34,1974,527,0,-0.003705104,0
34,1975,523,0,-0.00743833,0
34,1976,518,0,-0.009369025,0
34,1977,519,0,0.001891892,0
34,1978,555,0,0.067976879,0
34,1979,593,0,0.067099099,0
34,1980,684,0,0.150387858,0
34,1981,749,0,0.093128655,0
34,1982,772,0,0.030093458,0
34,1983,791,0,0.024119171,0
34,1984,943,0,0.188318584,0
34,1985,950,0,0.007274655,0
34,1986,1125,0,0.180526316,0
34,1987,1264,0,0.121084444,0
34,1988,1494,0,0.178322785,0
34,1989,1646,0,0.099705489,0
34,1990,1827,0,0.107764277,0
34,1991,1959,0,0.070804598,0
34,1992,2264,0,0.152577846,0
34,1993,2770,0,0.119028269,0
34,1994,3793,0,0.081927798,0
34,1995,4609,0,0.090830477,0
34,1996,5175,0,0.120347147,0
34,1997,5492,0,0.060030918,0.725377439
34,1998,6117,0,0.111525856,0.762536694
34,1999,6516,0,0.063923492,0.722498043
34,2000,6989,0,0.071138735,0.714098488
34,2001,7908,0,0.128862498,0.798723969
34,2002,9296,0,0.172008093,0.803466823
34,2003,10581,0,0.135466867,0.795861246
34,2004,12928,0,0.077376429,0.739750217
34,2005,15334,0,0.18238552,0.766152969
34,2006,17949,0,0.167125342,0.745655421
34,2007,22180,0,0.08100897,0.741854151
34,2008,26363,0,0.084821461,0.758954373
34,2009,29658,0,0.12248606,0.773593329
34,2010,34341,0,0.154742059,0.731578477
34,2011,40640,0,0.179756559,0.75360858
34,2012,46091,0,0.131446358,0.685558526
34,2013,48929,0,0.060342366,0.692895791
34,2014,52388,0,0.069280386,0.702476901
34,2015,56974,0,0.085788348,0.747897506
34,2016,61289,0,0.074221575,0.70553694
34,2017,67927,0,0.106140417,0.671600084
34,2018,77196,0.65663322,0.073726206,0.722415744
34,2019,82127,0.557764041,0.050598839,0.592690486
34,2020,89381,0.510552764,0.046560084,0.546618809
35,1965,570,0,0,0
35,1966,563,0,-0.011052632,0
35,1967,567,0,0.006394316,0
35,1968,557,0,-0.015873016,0
35,1969,555,0,-0.003231598,0
35,1970,542,0,-0.021081081,0
35,1971,541,0,-0.001660517,0
35,1972,568,0,0.044916821,0
35,1973,567,0,-0.001584507,0
35,1974,564,0,-0.004761905,0
35,1975,560,0,-0.006382979,0
35,1976,555,0,-0.008035714,0
35,1977,556,0,0.001621622,0
35,1978,594,0,0.061510791,0
35,1979,645,0,0.077272727,0
35,1980,736,0,0.126976744,0
35,1981,746,0,0.012228261,0
35,1982,793,0,0.056702413,0
35,1983,861,0,0.077175284,0
35,1984,969,0,0.112891986,0
35,1985,1060,0,0.084520124,0
35,1986,1243,0,0.055377358,0
35,1987,1381,0,0.099919549,0
35,1988,1647,0,0.073352643,0
35,1989,1930,0,0.054644809,0
35,1990,2162,0,0.108186528,0
35,1991,2420,0,0.107400555,0
35,1992,2777,0,0.072768595,0
35,1993,3477,0,0.046863522,0
35,1994,4889,0,0.065487489,0
35,1995,5857,0,0.07819595,0
35,1996,6684,0,0.07078709,0
35,1997,7559,0,0.067818671,0.772518177
35,1998,8531,0,0.075729594,0.794615488
35,1999,9490,0,0.101172196,0.822255446
35,2000,10584,0,0.103751317,0.799307431
35,2001,12013,0,0.121513605,0.748472328
35,2002,13306,0,0.096870057,0.761438922
35,2003,14310,0,0.067909214,0.72390779
35,2004,15603,0,0.081320755,0.759964316
35,2005,17146,0,0.089002115,0.788374528
35,2006,19318,0,0.114009098,0.737684232
35,2007,22283,0,0.08135418,0.701662956
35,2008,25702,0,0.068091819,0.638668808
35,2009,28666,0,0.103789588,0.604542009
35,2010,32647,0,0.08498779,0.511489441
35,2011,38989,0,0.064833829,0.530030586
35,2012,44979,0,0.078269768,0.551441313
35,2013,49328,0,0.08702061,0.505790815
35,2014,54235,0,0.089529273,0.544165045
35,2015,58719,0,0.074409514,0.534973642
35,2016,63138,0,0.067731058,0.546673876
35,2017,69029,0,0.083973202,0.555252169
35,2018,76266,0.602722326,0.094355995,0.544948678
35,2019,84374,0.60697714,0.065680906,0.5337631
35,2020,91072,0.550453009,0.07144618,0.508104994
36,1965,529,0,0,0
36,1966,523,0,-0.011115312,0
36,1967,526,0,0.005621415,0
36,1968,517,0,-0.016768061,0
36,1969,516,0,-0.001895551,0
36,1970,503,0,-0.024689922,0
36,1971,502,0,-0.00194831,0
36,1972,527,0,0.048804781,0
36,1973,526,0,-0.001859583,0
36,1974,524,0,-0.003726236,0
36,1975,520,0,-0.007480916,0
36,1976,516,0,-0.007538462,0
36,1977,516,0,0,0
36,1978,552,0,0.068372093,0
36,1979,603,0,0.090543478,0
36,1980,713,0,0.178772803,0
36,1981,745,0,0.04398317,0
36,1982,758,0,0.017100671,0
36,1983,774,0,0.020686016,0
36,1984,949,0,0.221576227,0
36,1985,966,0,0.017555321,0
36,1986,1116,0,0.152173913,0
36,1987,1215,0,0.086935484,0
36,1988,1446,0,0.186320988,0
36,1989,1562,0,0.078616874,0
36,1990,1729,0,0.104775928,0
36,1991,1842,0,0.064048583,0
36,1992,2154,0,0.165993485,0
36,1993,2497,0,0.156053853,0
36,1994,3450,0,0.37402483,0
36,1995,4211,0,0.216168116,0
36,1996,4852,0,0.149175968,0
36,1997,5089,0,0.04786892,0.663233118
36,1998,5384,0,0.056808803,0.705458424
36,1999,6749,0,0.248458395,0.801089246
36,2000,7014,0,0.038479775,0.673800292
36,2001,8026,0,0.141397206,0.720398218
36,2002,9262,0,0.150919512,0.790165214
36,2003,10521,0,0.133213129,0.762343582
36,2004,11860,0,0.124723886,0.722349977
36,2005,13688,0,0.151048904,0.770740275
36,2006,15590,0,0.136174752,0.773351561
36,2007,18400,0,0.176638871,0.749241198
36,2008,21000,0,0.138478261,0.650488788
36,2009,24696,0,0.17248,0.644173548
36,2010,29092,0,0.174444444,0.634199641
36,2011,34102,0,0.168768046,0.612098746
36,2012,39651,0,0.159463375,0.676949623
36,2013,43582,0,0.097157197,0.583364641
36,2014,47299,0,0.083581754,0.624340549
36,2015,52137,0,0.100239751,0.680601914
36,2016,57470,0,0.100242438,0.620052064
36,2017,63069,0,0.095476248,0.759295604
36,2018,70772,0.583998702,0.119693352,0.7053583
36,2019,76131,0.590952155,0.074207596,0.6177849
36,2020,80503,0.552469136,0.056278783,0.565377889
37,1965,616,0,0,0
37,1966,604,0,-0.017532468,0
37,1967,589,0,-0.022350993,0
37,1968,579,0,-0.015280136,0
37,1969,579,0,0,0
37,1970,564,0,-0.023316062,0
37,1971,551,0,-0.020744681,0
37,1972,574,0,0.037568058,0
37,1973,573,0,-0.001567944,0
37,1974,581,0,0.012565445,0
37,1975,585,0,0.006196213,0
37,1976,568,0,-0.026153846,0
37,1977,577,0,0.014260563,0
37,1978,566,0,-0.017157712,0
37,1979,632,0,0.104946996,0
37,1980,745,0,0.060917722,0
37,1981,782,0,0.044697987,0
37,1982,797,0,0.017263427,0
37,1983,818,0,0.023713927,0
37,1984,1037,0,0.070953545,0
37,1985,1079,0,0.036451302,0
37,1986,1265,0,0.055143652,0
37,1987,1427,0,0.115256917,0
37,1988,1782,0,0.083896286,0
37,1989,1920,0,0.06969697,0
37,1990,2149,0,0.10734375,0
37,1991,2292,0,0.05988832,0
37,1992,2601,0,0.121335079,0
37,1993,3149,0,0.069619377,0
37,1994,4338,0,0.079822166,0
37,1995,5145,0,0.067427386,0
37,1996,5809,0,0.116151603,0
37,1997,6241,0,0.066930625,0.703703515
37,1998,6854,0,0.088399295,0.721843572
37,1999,7656,0,0.105310767,0.739858927
37,2000,8772,0,0.131191223,0.743526667
37,2001,10008,0,0.126812585,0.759497561
37,2002,11374,0,0.122841727,0.755676177
37,2003,12567,0,0.094399508,0.749429776
37,2004,14332,0,0.126402483,0.748422573
37,2005,16614,0,0.05433017,0.757449537
37,2006,19228,0,0.064160347,0.763142406
37,2007,22844,0,0.069253172,0.735177623
37,2008,26404,0,0.140255647,0.745813214
37,2009,29688,0,0.111937585,0.764141399
37,2010,33729,0,0.122504042,0.733657785
37,2011,37992,0,0.113750778,0.783767835
37,2012,42572,0,0.108496526,0.789111895
37,2013,47652,0,0.107394532,0.728486835
37,2014,52460,0,0.090808361,0.708230247
37,2015,58197,0,0.098423561,0.782664739
37,2016,63562,0,0.082968194,0.733883503
37,2017,69305,0,0.081317454,0.667911665
37,2018,75125,0.635318488,0.075578963,0.707778587
37,2019,84089,0.632951683,0.067389018,0.644480036
37,2020,90661,0.605325599,0.070339759,0.603059792
41,1965,503,0,0,0
41,1966,540,0,0.007208748,0
41,1967,538,0,-0.00362963,0
41,1968,546,0,0.014572491,0
41,1969,554,0,0.014358974,0
41,1970,547,0,-0.012382671,0
41,1971,634,0,0.055868373,0
41,1972,567,0,-0.103564669,0
41,1973,560,0,-0.012098765,0
41,1974,557,0,-0.00525,0
41,1975,561,0,0.007037702,0
41,1976,558,0,-0.005240642,0
41,1977,563,0,0.008781362,0
41,1978,590,0,0.046998224,0
41,1979,644,0,0.089694915,0
41,1980,730,0,0.063086957,0
41,1981,772,0,0.056383562,0
41,1982,789,0,0.021580311,0
41,1983,805,0,0.019873257,0
41,1984,921,0,0.074121739,0
41,1985,997,0,0.080868621,0
41,1986,1139,0,0.063957874,0
41,1987,1258,0,0.10238806,0
41,1988,1470,0,0.065151033,0
41,1989,1628,0,0.105333333,0
41,1990,1825,0,0.118587224,0
41,1991,1964,0,0.074641096,0
41,1992,2269,0,0.055218941,0
41,1993,2646,0,0.06282944,0
41,1994,3546,0,0.073333333,0
41,1995,4344,0,0.080541455,0
41,1996,4924,0,0.130847145,0
41,1997,5225,0,0.05990658,0.570769511
41,1998,5781,0,0.104283254,0.600080334
41,1999,6194,0,0.070012109,0.651590581
41,2000,6930,0,0.116448176,0.641196637
41,2001,7916,0,0.139434343,0.625940002
41,2002,9174,0,0.075740273,0.727155483
41,2003,10749,0,0.06824722,0.746618001
41,2004,12114,0,0.124448786,0.721666472
41,2005,14282,0,0.075387155,0.701095481
41,2006,16981,0,0.085199552,0.785691681
41,2007,20935,0,0.078191508,0.782482592
41,2008,24816,0,0.081675663,0.72080069
41,2009,27357,0,0.100345745,0.686956134
41,2010,30303,0,0.105533501,0.733954783
41,2011,34203,0,0.126126126,0.712360473
41,2012,37958,0,0.107589977,0.690292469
41,2013,38804,0,0.021842036,0.670139359
41,2014,42670,0,0.097636326,0.682215454
41,2015,45920,0,0.074642606,0.65467753
41,2016,50028,0,0.087670732,0.557425851
41,2017,55997,0,0.116926921,0.6611136
41,2018,64148,0.622497952,0.142650142,0.648181695
41,2019,68305,0.623060821,0.063507202,0.614256148
41,2020,71351,0.575414898,0.043702218,0.541021636
42,1965,564,0,0,0
42,1966,558,0,-0.010425532,0
42,1967,561,0,0.005268817,0
42,1968,552,0,-0.015721925,0
42,1969,550,0,-0.003550725,0
42,1970,537,0,-0.023163636,0
42,1971,536,0,-0.001824953,0
42,1972,562,0,0.047537313,0
42,1973,561,0,-0.001743772,0
42,1974,559,0,-0.003493761,0
42,1975,555,0,-0.007012522,0
42,1976,550,0,-0.008828829,0
42,1977,551,0,0.001781818,0
42,1978,588,0,0.065807623,0
42,1979,639,0,0.085,0
42,1980,729,0,0.138028169,0
42,1981,739,0,0.013443073,0
42,1982,760,0,0.027848444,0
42,1983,781,0,0.027078947,0
42,1984,930,0,0.186965429,0
42,1985,1027,0,0.102215054,0
42,1986,1170,0,0.136455696,0
42,1987,1333,0,0.136529915,0
42,1988,1580,0,0.181590398,0
42,1989,1713,0,0.082493671,0
42,1990,1903,0,0.10869819,0
42,1991,2081,0,0.091665791,0
42,1992,2370,0,0.13609803,0
42,1993,2934,0,0.23321519,0
42,1994,4051,0,0.373094751,0
42,1995,4685,0,0.153374475,0
42,1996,5099,0,0.086599787,0
42,1997,5401,0,0.058042753,0.711276451
42,1998,6436,0,0.187798556,0.749145445
42,1999,6991,0,0.084509012,0.75527718
42,2000,7565,0,0.080463453,0.733107676
42,2001,8619,0,0.136539326,0.726552907
42,2002,9611,0,0.112792667,0.791020123
42,2003,10692,0,0.110225783,0.70228378
42,2004,11855,0,0.106597456,0.731125543
42,2005,14419,0,0.21195445,0.797107009
42,2006,16048,0,0.110716416,0.824602177
42,2007,19818,0,0.230221834,0.816925403
42,2008,22739,0,0.144443435,0.892523732
42,2009,27127,0,0.189112978,0.844057948
42,2010,32588,0,0.197286099,0.783233779
42,2011,37134,0,0.136709218,0.888633118
42,2012,40884,0,0.098965907,0.79988875
42,2013,44613,0,0.08938509,0.798739728
42,2014,50637,0,0.132327349,0.808653178
42,2015,55237,0,0.089025811,0.798768749
42,2016,61113,0,0.104250412,0.754835067
42,2017,67736,0,0.106205554,0.89939877
42,2018,76017,0.631823117,0.119808964,0.742107635
42,2019,81524,0.653520695,0.070995435,0.759795923
42,2020,87782,0.623167735,0.075227418,0.676137934
43,1965,540,0,0,0
43,1966,533,0,-0.012703704,0
43,1967,537,0,0.007354597,0
43,1968,528,0,-0.016424581,0
43,1969,526,0,-0.003712121,0
43,1970,513,0,-0.024220532,0
43,1971,512,0,-0.001910331,0
43,1972,538,0,0.049765625,0
43,1973,537,0,-0.001821561,0
43,1974,534,0,-0.00547486,0
43,1975,530,0,-0.007340824,0
43,1976,526,0,-0.007396226,0
43,1977,527,0,0.001863118,0
43,1978,563,0,0.066944972,0
43,1979,629,0,0.114884547,0
43,1980,718,0,0.138664547,0
43,1981,748,0,0.040947075,0
43,1982,772,0,0.03144385,0
43,1983,803,0,0.039352332,0
43,1984,965,0,0.197708593,0
43,1985,1059,0,0.09546114,0
43,1986,1220,0,0.148989613,0
43,1987,1458,0,0.191180328,0
43,1988,1713,0,0.171399177,0
43,1989,1862,0,0.085242265,0
43,1990,2038,0,0.092631579,0
43,1991,2177,0,0.066840039,0
43,1992,2526,0,0.157106109,0
43,1993,3142,0,0.03898654,0
43,1994,4104,0,0.050050923,0
43,1995,4797,0,0.165482456,0
43,1996,5100,0,0.061901188,0
43,1997,5326,0,0.043427451,0.82311834
43,1998,6558,0,0.226691701,0.840853994
43,1999,7269,0,0.106248856,0.817502933
43,2000,8128,0,0.115809602,0.816096305
43,2001,9623,0,0.180253445,0.573235263
43,2002,10967,0,0.136872077,0.888468048
43,2003,12221,0,0.112056169,0.829009794
43,2004,13928,0,0.136884052,0.797095176
43,2005,15659,0,0.121796381,0.743524965
43,2006,17850,0,0.137121144,0.78625743
43,2007,21534,0,0.062258824,0.849977202
43,2008,24870,0,0.151819448,0.829895822
43,2009,27284,0,0.095123442,0.762959696
43,2010,30483,0,0.11490324,0.769185287
43,2011,35520,0,0.161934849,0.781680714
43,2012,40028,0,0.124376126,0.715292454
43,2013,43893,0,0.094626262,0.751489861
43,2014,48525,0,0.103418768,0.750509357
43,2015,53889,0,0.108330139,0.740898431
43,2016,60160,0,0.114041456,0.764954513
43,2017,65994,0,0.095035239,0.831384803
43,2018,73300,0.538554873,0.108492893,0.827487232
43,2019,77563,0.552232423,0.052995089,0.703041467
43,2020,82356,0.513180118,0.045559029,0.661589934
44,1965,584,0,0,0
44,1966,577,0,-0.010787671,0
44,1967,581,0,0.006239168,0
44,1968,572,0,-0.01394148,0
44,1969,570,0,-0.003146853,0
44,1970,556,0,-0.022105263,0
44,1971,555,0,-0.001618705,0
44,1972,582,0,0.043783784,0
44,1973,581,0,-0.001546392,0
44,1974,578,0,-0.00464716,0
44,1975,575,0,-0.00467128,0
44,1976,575,0,0,0
44,1977,576,0,0.001565217,0
44,1978,615,0,0.0609375,0
44,1979,685,0,0.054243902,0
44,1980,789,0,0.056642336,0
44,1981,883,0,0.107224335,0
44,1982,967,0,0.085617214,0
44,1983,1022,0,0.051189245,0
44,1984,1207,0,0.062915851,0
44,1985,1311,0,0.077547639,0
44,1986,1461,0,0.062974828,0
44,1987,1681,0,0.055523614,0
44,1988,2250,0,0.074640095,0
44,1989,2678,0,0.1712,0
44,1990,2929,0,0.084353996,0
44,1991,3358,0,0.061819734,0
44,1992,4027,0,0.079303157,0
44,1993,5322,0,0.089421406,0
44,1994,7117,0,0.073551297,0
44,1995,8250,0,0.063276662,0
44,1996,9127,0,0.095672727,0
44,1997,9698,0,0.056305467,0.542529133
44,1998,11032,0,0.063798721,0.569620765
44,1999,12245,0,0.098957578,0.601583364
44,2000,13823,0,0.075982033,0.571446993
44,2001,15682,0,0.051037401,0.599378297
44,2002,17184,0,0.08620074,0.504738719
44,2003,19986,0,0.046752793,0.521532027
44,2004,22116,0,0.095917142,0.512204838
44,2005,23959,0,0.075,0.504406405
44,2006,26186,0,0.083655411,0.507160035
44,2007,29443,0,0.051941495,0.540782612
44,2008,33110,0,0.072091159,0.512730717
44,2009,36355,0,0.08820598,0.577054936
44,2010,40358,0,0.099097786,0.585527459
44,2011,45152,0,0.106908172,0.508941013
44,2012,50577,0,0.108134745,0.554559123
44,2013,53611,0,0.053988967,0.53923654
44,2014,59827,0,0.104351719,0.587339631
44,2015,66296,0,0.097315593,0.564892483
44,2016,72848,0,0.088946543,0.535326008
44,2017,80020,0,0.068606413,0.560834012
44,2018,89826,0.656966137,0.055289928,0.590178387
44,2019,100689,0.763610994,0.068840425,0.609318784
44,2020,110324,0.654653836,0.066121622,0.535293882
45,1965,571,0,0,0
45,1966,564,0,-0.012014011,0
45,1967,568,0,0.006950355,0
45,1968,559,0,-0.015528169,0
45,1969,557,0,-0.003506261,0
45,1970,543,0,-0.024631957,0
45,1971,542,0,-0.001804788,0
45,1972,569,0,0.048819188,0
45,1973,568,0,-0.00172232,0
45,1974,565,0,-0.005176056,0
45,1975,561,0,-0.006938053,0
45,1976,557,0,-0.006987522,0
45,1977,558,0,0.001759425,0
45,1978,595,0,0.064982079,0
45,1979,647,0,0.085647059,0
45,1980,738,0,0.137836167,0
45,1981,748,0,0.013279133,0
45,1982,781,0,0.043235294,0
45,1983,810,0,0.036389245,0
45,1984,1039,0,0.277061728,0
45,1985,1077,0,0.035842156,0
45,1986,1282,0,0.186536676,0
45,1987,1478,0,0.149828393,0
45,1988,1760,0,0.186982409,0
45,1989,1859,0,0.055125,0
45,1990,2049,0,0.100161377,0
45,1991,2262,0,0.101874085,0
45,1992,2634,0,0.161167109,0
45,1993,3368,0,0.273090357,0
45,1994,4468,0,0.320071259,0
45,1995,5105,0,0.139717995,0
45,1996,5397,0,0.056054848,0
45,1997,5542,0,0.026329442,0.756884004
45,1998,6208,0,0.117769758,0.822303429
45,1999,6776,0,0.089664948,0.859494407
45,2000,7651,0,0.126549587,0.821427789
45,2001,9075,0,0.182397072,0.801123482
45,2002,10074,0,0.107880992,0.840785714
45,2003,11953,0,0.182789359,0.785632627
45,2004,13579,0,0.133312139,0.746285559
45,2005,15461,0,0.135824435,0.741198782
45,2006,18064,0,0.164991915,0.709631708
45,2007,21898,0,0.208000443,0.883540959
45,2008,25660,0,0.168360581,0.811267034
45,2009,28302,0,0.100902572,0.872027816
45,2010,31842,0,0.12257791,0.897671865
45,2011,34064,0,0.068386408,0.822941172
45,2012,37614,0,0.102131282,0.805939674
45,2013,42637,0,0.130869889,0.835307763
45,2014,46846,0,0.096742735,0.80376347
45,2015,54983,0,0.170222858,0.820020695
45,2016,60239,0,0.09368132,0.842481897
45,2017,66456,0,0.101141453,0.778290929
45,2018,73553,0.57363912,0.104656615,0.787462196
45,2019,79516,0.521944903,0.079449377,0.707684219
45,2020,86111,0.454150864,0.081280497,0.628745443
46,1965,522,0,0,0
46,1966,516,0,-0.011264368,0
46,1967,520,0,0.007596899,0
46,1968,511,0,-0.016961538,0
46,1969,509,0,-0.003835616,0
46,1970,497,0,-0.002310413,0
46,1971,496,0,-0.001971831,0
46,1972,521,0,0.049395161,0
46,1973,520,0,-0.001880998,0
46,1974,517,0,-0.005653846,0
46,1975,513,0,-0.007582205,0
46,1976,509,0,-0.007641326,0
46,1977,510,0,0.001925344,0
46,1978,545,0,0.067254902,0
46,1979,616,0,0.127669725,0
46,1980,692,0,0.120909091,0
46,1981,728,0,0.050982659,0
46,1982,790,0,0.083461538,0
46,1983,812,0,0.027291139,0
46,1984,929,0,0.141206897,0
46,1985,1020,0,0.095995694,0
46,1986,1168,0,0.142196078,0
46,1987,1233,0,0.054537671,0
46,1988,1399,0,0.131938362,0
46,1989,1640,0,0.168820586,0
46,1990,1980,0,0.203170732,0
46,1991,2194,0,0.105919192,0
46,1992,2720,0,0.234949863,0
46,1993,3501,0,0.281389706,0
46,1994,4485,0,0.275441302,0
46,1995,5340,0,0.186822742,0
46,1996,5476,0,0.024958801,0
46,1997,5664,0,0.033644996,0.614453771
46,1998,6248,0,0.101045198,0.662744735
46,1999,6865,0,0.096776569,0.721789548
46,2000,7408,0,0.077514931,0.692621132
46,2001,8321,0,0.120780238,0.818606292
46,2002,9480,0,0.136500421,0.895750434
46,2003,10397,0,0.094795359,0.816547027
46,2004,12652,0,0.212551698,0.893085924
46,2005,14417,0,0.136713563,0.844883352
46,2006,15890,0,0.100127627,0.868858632
46,2007,19357,0,0.213823789,0.882477548
46,2008,21864,0,0.126923594,0.890428663
46,2009,24934,0,0.137605196,0.833979245
46,2010,31025,0,0.239399214,0.742358645
46,2011,36716,0,0.179764061,0.766160712
46,2012,40051,0,0.089015688,0.647841153
46,2013,45573,0,0.135116726,0.569470422
46,2014,50589,0,0.107863867,0.529294216
46,2015,58406,0,0.151429362,0.552226541
46,2016,62565,0,0.069784269,0.668598339
46,2017,69062,0,0.101767122,0.787281628
46,2018,77672,0.687038217,0.122177174,0.737031652
46,2019,84656,0.66914557,0.088118241,0.626833054
46,2020,89642,0.626603774,0.05771924,0.561102793
50,1965,639,0,0,0
50,1966,631,0,-0.012269171,0
50,1967,636,0,0.007765452,0
50,1968,625,0,-0.016949686,0
50,1969,623,0,-0.003136,0
50,1970,607,0,-0.025168539,0
50,1971,609,0,0.003228995,0
50,1972,580,0,-0.046666667,0
50,1973,580,0,0,0
50,1974,583,0,0.005068966,0
50,1975,588,0,0.008404803,0
50,1976,590,0,0.003333333,0
50,1977,591,0,0.001661017,0
50,1978,632,0,0.067986464,0
50,1979,646,0,0.021708861,0
50,1980,737,0,0.138049536,0
50,1981,698,0,-0.051858887,0
50,1982,721,0,0.032292264,0
50,1983,746,0,0.033980583,0
50,1984,880,0,0.076032172,0
50,1985,1038,0,0.075954545,0
50,1986,1154,0,0.109518304,0
50,1987,1309,0,0.131629116,0
50,1988,1588,0,0.078877005,0
50,1989,1782,0,0.119722922,0
50,1990,2025,0,0.133636364,0
50,1991,2203,0,0.08614321,0
50,1992,2468,0,0.117884703,0
50,1993,2833,0,0.14493517,0
50,1994,3925,0,0.07774797,0
50,1995,4508,0,0.145564331,0
50,1996,5010,0,0.109130435,0
50,1997,5502,0,0.096239521,0.795778611
50,1998,6433,0,0.165826972,0.808399953
50,1999,7182,0,0.114102285,0.83064488
50,2000,8020,0,0.114346979,0.784455321
50,2001,9523,0,0.183658354,0.784362254
50,2002,10960,0,0.14787987,0.806854083
50,2003,12425,0,0.130994526,0.840126165
50,2004,14357,0,0.152383099,0.801455647
50,2005,16630,0,0.155153584,0.85458803
50,2006,19215,0,0.152333133,0.808876647
50,2007,23098,0,0.198040073,0.819168459
50,2008,26985,0,0.164917309,0.851342548
50,2009,30965,0,0.144539559,0.802813075
50,2010,35326,0,0.1380197,0.800358726
50,2011,40042,0,0.130829417,0.817292907
50,2012,45392,0,0.130937516,0.839881951
50,2013,51015,0,0.121398925,0.839873623
50,2014,56852,0,0.112128982,0.780853459
50,2015,62091,0,0.09030852,0.765385674
50,2016,67386,0,0.083572498,0.680994585
50,2017,73272,0,0.08560057,0.880851274
50,2018,81764,0.64162292,0.113578993,0.774022756
50,2019,89714,0.65482079,0.075286434,0.656340406
50,2020,98380,0.63836796,0.054663932,0.690444582
51,1965,566,0,0,0
51,1966,559,0,-0.012120141,0
51,1967,563,0,0.007012522,0
51,1968,553,0,-0.01740675,0
51,1969,551,0,-0.003544304,0
51,1970,538,0,-0.023121597,0
51,1971,537,0,-0.001821561,0
51,1972,564,0,0.049273743,0
51,1973,563,0,-0.001737589,0
51,1974,560,0,-0.005222025,0
51,1975,556,0,-0.007,0
51,1976,551,0,-0.00881295,0
51,1977,552,0,0.001778584,0
51,1978,590,0,0.067463768,0
51,1979,639,0,0.081389831,0
51,1980,743,0,0.159499218,0
51,1981,788,0,0.05935397,0
51,1982,798,0,0.012436548,0
51,1983,827,0,0.035614035,0
51,1984,973,0,0.173010883,0
51,1985,1033,0,0.060431655,0
51,1986,1200,0,0.158431752,0
51,1987,1340,0,0.114333333,0
51,1988,1597,0,0.087955224,0
51,1989,1796,0,0.122116468,0
51,1990,2011,0,0.117316258,0
51,1991,2194,0,0.089179513,0
51,1992,2458,0,0.117921604,0
51,1993,2960,0,0.200146461,0
51,1994,4028,0,0.053594595,0
51,1995,4645,0,0.150114201,0
51,1996,5156,0,0.107810549,0
51,1997,5626,0,0.089332816,0.836123259
51,1998,6577,0,0.165655883,0.807693036
51,1999,7249,0,0.100130759,0.759386508
51,2000,8323,0,0.145195199,0.786813736
51,2001,9934,0,0.189688814,0.810226874
51,2002,11183,0,0.12321522,0.821339536
51,2003,12441,0,0.110242332,0.765574399
51,2004,14063,0,0.127767864,0.787016921
51,2005,15826,0,0.122857143,0.790106185
51,2006,17852,0,0.125456843,0.78390947
51,2007,21312,0,0.189939503,0.815353049
51,2008,25038,0,0.171334459,0.826154829
51,2009,28563,0,0.137970285,0.813233919
51,2010,33112,0,0.156076743,0.771436521
51,2011,37924,0,0.142418459,0.77132693
51,2012,43110,0,0.134012235,0.802425821
51,2013,49019,0,0.134326606,0.810349407
51,2014,53722,0,0.094023542,0.843559563
51,2015,60520,0,0.124009531,0.782067464
51,2016,65781,0,0.085191342,0.79116759
51,2017,71631,0,0.087152825,0.826701342
51,2018,80464,0.611471514,0.050846282,0.757052428
51,2019,86855,0.621488628,0.077838288,0.689542087
51,2020,91928,0.626355966,0.057239537,0.658824374
52,1965,590,0,0,0
52,1966,583,0,-0.011627119,0
52,1967,587,0,0.006723842,0
52,1968,577,0,-0.01669506,0
52,1969,575,0,-0.00339688,0
52,1970,561,0,-0.02386087,0
52,1971,560,0,-0.001746881,0
52,1972,588,0,0.049,0
52,1973,587,0,-0.001666667,0
52,1974,584,0,-0.005008518,0
52,1975,580,0,-0.006712329,0
52,1976,575,0,-0.008448276,0
52,1977,576,0,0.001704348,0
52,1978,616,0,0.068055556,0
52,1979,654,0,0.060454545,0
52,1980,755,0,0.151345566,0
52,1981,804,0,0.063602649,0
52,1982,815,0,0.01340796,0
52,1983,830,0,0.01803681,0
52,1984,949,0,0.064050602,0
52,1985,1066,0,0.120821918,0
52,1986,1216,0,0.137898687,0
52,1987,1337,0,0.097516447,0
52,1988,1547,0,0.07539267,0
52,1989,1694,0,0.093122172,0
52,1990,1947,0,0.054636364,0
52,1991,2090,0,0.071977401,0
52,1992,2406,0,0.068172249,0
52,1993,2840,0,0.07677473,0
52,1994,3870,0,0.055422535,0
52,1995,4475,0,0.053204134,0
52,1996,4917,0,0.096795531,0
52,1997,5206,0,0.057600163,0.784722518
52,1998,5775,0,0.107111026,0.732477809
52,1999,6595,0,0.139151515,0.748121622
52,2000,7468,0,0.12972555,0.79880785
52,2001,8991,0,0.079858061,0.768764981
52,2002,9810,0,0.089269269,0.725246701
52,2003,11037,0,0.122574924,0.750236604
52,2004,12431,0,0.123776389,0.758110267
52,2005,14344,0,0.15081168,0.780875475
52,2006,16815,0,0.068821807,0.781209188
52,2007,20668,0,0.054557835,0.778785114
52,2008,24602,0,0.056535707,0.755877752
52,2009,28245,0,0.064511584,0.766972217
52,2010,31458,0,0.111479554,0.778599439
52,2011,37331,0,0.062959502,0.748052129
52,2012,42733,0,0.141811363,0.752244351
52,2013,49087,0,0.145716893,0.727670426
52,2014,54685,0,0.111761566,0.723597292
52,2015,62591,0,0.141681997,0.727547605
52,2016,69678,0,0.110962598,0.612729093
52,2017,75109,0,0.076385373,0.743354157
52,2018,82597,0.552488231,0.097701208,0.714228314
52,2019,87970,0.53338169,0.063749773,0.601448035
52,2020,94276,0.52654043,0.060249858,0.564460177
53,1965,611,0,0,0
53,1966,604,0,-0.011227496,0
53,1967,608,0,0.006490066,0
53,1968,597,0,-0.017730263,0
53,1969,595,0,-0.003283082,0
53,1970,581,0,-0.023058824,0
53,1971,580,0,-0.001686747,0
53,1972,609,0,0.049,0
53,1973,608,0,-0.001609195,0
53,1974,605,0,-0.004835526,0
53,1975,601,0,-0.006479339,0
53,1976,595,0,-0.009783694,0
53,1977,596,0,0.001647059,0
53,1978,637,0,0.067416107,0
53,1979,692,0,0.084615385,0
53,1980,789,0,0.137369942,0
53,1981,800,0,0.013662864,0
53,1982,825,0,0.030625,0
53,1983,857,0,0.038012121,0
53,1984,1049,0,0.041955659,0
53,1985,1131,0,0.076606292,0
53,1986,1260,0,0.111777188,0
53,1987,1439,0,0.139222222,0
53,1988,1715,0,0.067963864,0
53,1989,1880,0,0.094285714,0
53,1990,2130,0,0.130319149,0
53,1991,2328,0,0.091098592,0
53,1992,2686,0,0.065070447,0
53,1993,3751,0,0.058570365,0
53,1994,4514,0,0.069344175,0
53,1995,5149,0,0.137859991,0
53,1996,6231,0,0.065935133,0
53,1997,7037,0,0.126766169,0.748900401
53,1998,7667,0,0.087736251,0.792555727
53,1999,8276,0,0.077842702,0.764595129
53,2000,9231,0,0.113086032,0.771927586
53,2001,10537,0,0.1386502,0.724940428
53,2002,11987,0,0.134858119,0.778328994
53,2003,12870,0,0.072189872,0.789919612
53,2004,14581,0,0.130285936,0.740886586
53,2005,16140,0,0.104781565,0.79199997
53,2006,18711,0,0.056107807,0.722595153
53,2007,20481,0,0.092704826,0.712744978
53,2008,24030,0,0.169816903,0.731124232
53,2009,26992,0,0.120797337,0.714366026
53,2010,30177,0,0.115637967,0.781720383
53,2011,35031,0,0.065763396,0.783266961
53,2012,38908,0,0.108459935,0.71975131
53,2013,44188,0,0.132990645,0.770830832
53,2014,47802,0,0.080151172,0.700557697
53,2015,55025,0,0.148080415,0.779772131
53,2016,63562,0,0.052044707,0.716268061
53,2017,73515,0,0.065345552,0.77154684
53,2018,80525,0.475620504,0.093447596,0.678959167
53,2019,91811,0.502634454,0.067352127,0.654922353
53,2020,98287,0.475106485,0.069125486,0.60927503
54,1965,865,0,0,0
54,1966,854,0,-0.012462428,0
54,1967,860,0,0.006885246,0
54,1968,846,0,-0.015953488,0
54,1969,843,0,-0.003475177,0
54,1970,822,0,-0.024412811,0
54,1971,821,0,-0.001192214,0
54,1972,862,0,0.048940317,0
54,1973,860,0,-0.002273782,0
54,1974,856,0,-0.00455814,0
54,1975,850,0,-0.006869159,0
54,1976,843,0,-0.008070588,0
54,1977,844,0,0.001162515,0
54,1978,901,0,0.066184834,0
54,1979,979,0,0.084839068,0
54,1980,1117,0,0.13814096,0
54,1981,1132,0,0.013160251,0
54,1982,1319,0,0.161890459,0
54,1983,1397,0,0.057952995,0
54,1984,1730,0,0.233600573,0
54,1985,1967,0,0.134254335,0
54,1986,2375,0,0.203274021,0
54,1987,2612,0,0.097793684,0
54,1988,2824,0,0.079540582,0
54,1989,2927,0,0.035743626,0
54,1990,3178,0,0.084038264,0
54,1991,3355,0,0.054581498,0
54,1992,3448,0,0.027165425,0
54,1993,4067,0,0.175933875,0
54,1994,7115,0,0.734457831,0
54,1995,7382,0,0.036775826,0
54,1996,11087,0,0.491858575,0
54,1997,10098,0,-0.00574195,0.817130804
54,1998,10987,0,0.08627649,0.826556208
54,1999,12962,0,0.176162738,0.845877838
54,2000,14976,0,0.152269711,0.82539869
54,2001,19144,0,0.272745726,0.864771438
54,2002,24766,0,0.287795654,0.877162317
54,2003,26931,0,0.08566987,0.84985297
54,2004,28950,0,0.073469979,0.886860304
54,2005,30873,0,0.065096373,0.896835339
54,2006,31518,0,0.020474201,0.843458703
54,2007,46098,0,0.453340948,0.800344204
54,2008,47280,0,0.025128205,0.832515995
54,2009,48750,0,0.030469543,0.806477564
54,2010,54397,0,0.113519179,0.856843229
54,2011,55845,0,0.026086733,0.875076093
54,2012,58347,0,0.043906527,0.823549501
54,2013,64409,0,0.101817746,0.810521869
54,2014,68059,0,0.055535717,0.827760794
54,2015,110330,0,0.608671594,0.881603669
54,2016,110980,0,0.05773588,0.845360414
54,2017,115549,0,0.070346189,0.887055098
54,2018,119947,0.531785196,0.057300539,0.653179668
54,2019,123045,0.557327675,0.055311513,0.6700919
54,2020,126226,0.577945205,0.055335284,0.658709454
61,1965,627,0,0,0
61,1966,619,0,-0.012503987,0
61,1967,624,0,0.007915994,0
61,1968,613,0,-0.017275641,0
61,1969,611,0,-0.00319739,0
61,1970,596,0,-0.02405892,0
61,1971,595,0,-0.001644295,0
61,1972,625,0,0.049411765,0
61,1973,624,0,-0.001568,0
61,1974,621,0,-0.004711538,0
61,1975,616,0,-0.007890499,0
61,1976,611,0,-0.007954545,0
61,1977,612,0,0.001603928,0
61,1978,654,0,0.067254902,0
61,1979,705,0,0.076422018,0
61,1980,785,0,0.111205674,0
61,1981,812,0,0.033707006,0
61,1982,831,0,0.022931034,0
61,1983,857,0,0.030661853,0
61,1984,1024,0,0.190968495,0
61,1985,1092,0,0.065078125,0
61,1986,1251,0,0.142692308,0
61,1987,1409,0,0.123772982,0
61,1988,1680,0,0.18848829,0
61,1989,1856,0,0.102666667,0
61,1990,2042,0,0.098211207,0
61,1991,2198,0,0.074867777,0
61,1992,2434,0,0.10522293,0
61,1993,2890,0,0.183599014,0
61,1994,3803,0,0.309598616,0
61,1995,4396,0,0.152810939,0
61,1996,4882,0,0.108343949,0
61,1997,5184,0,0.060622696,0.804861264
61,1998,6029,0,0.159741512,0.853613838
61,1999,6931,0,0.146618013,0.864575354
61,2000,7804,0,0.123436734,0.801862935
61,2001,9120,0,0.165258842,0.837036034
61,2002,10351,0,0.132278509,0.874147981
61,2003,11461,0,0.105091296,0.846005647
61,2004,13024,0,0.133648024,0.899616491
61,2005,14796,0,0.133335381,0.822149517
61,2006,16918,0,0.140548797,0.83769747
61,2007,21296,0,0.253602081,0.812256524
61,2008,25942,0,0.213799775,0.862503056
61,2009,30185,0,0.160286023,0.883552176
61,2010,34299,0,0.133567003,0.783512918
61,2011,39043,0,0.135546809,0.774374906
61,2012,44330,0,0.132706503,0.824795476
61,2013,48853,0,0.099989623,0.76658503
61,2014,52119,0,0.06551655,0.714062794
61,2015,56896,0,0.089822522,0.666465291
61,2016,61626,0,0.081471457,0.657512458
61,2017,67433,0,0.092345114,0.752692416
61,2018,74993,0.644762742,0.089869055,0.741047875
61,2019,82114,0.626265337,0.073056419,0.639894516
61,2020,87054,0.606388664,0.05895706,0.605425597
62,1965,679,0,0,0
62,1966,671,0,-0.011546392,0
62,1967,675,0,0.005842027,0
62,1968,664,0,-0.01597037,0
62,1969,661,0,-0.004427711,0
62,1970,645,0,-0.023721634,0
62,1971,644,0,-0.00151938,0
62,1972,676,0,0.048695652,0
62,1973,675,0,-0.001449704,0
62,1974,672,0,-0.004355556,0
62,1975,667,0,-0.007291667,0
62,1976,661,0,-0.008815592,0
62,1977,663,0,0.002965204,0
62,1978,708,0,0.066515837,0
62,1979,792,0,0.116271186,0
62,1980,875,0,0.10270202,0
62,1981,904,0,0.03248,0
62,1982,936,0,0.034690265,0
62,1983,973,0,0.038739316,0
62,1984,1251,0,0.28,0
62,1985,1345,0,0.07363709,0
62,1986,1481,0,0.099092937,0
62,1987,1680,0,0.131681296,0
62,1988,1949,0,0.156916667,0
62,1989,2207,0,0.129728066,0
62,1990,2407,0,0.088808337,0
62,1991,2566,0,0.064736186,0
62,1992,2902,0,0.12832424,0
62,1993,3418,0,0.17425224,0
62,1994,4796,0,0.395096548,0
62,1995,5493,0,0.142422852,0
62,1996,5882,0,0.069401056,0
62,1997,6182,0,0.049982999,0.84885107
62,1998,6809,0,0.099395018,0.797865289
62,1999,7427,0,0.088946982,0.794130204
62,2000,8560,0,0.149500471,0.793555562
62,2001,9949,0,0.159021028,0.834754279
62,2002,11147,0,0.11800583,0.891999603
62,2003,12307,0,0.101982596,0.84359625
62,2004,13623,0,0.104792395,0.78631433
62,2005,14939,0,0.094669309,0.78692755
62,2006,17246,0,0.151339447,0.823819257
62,2007,20987,0,0.212581468,0.769023049
62,2008,24017,0,0.141487588,0.837186733
62,2009,27177,0,0.128941999,0.82893133
62,2010,29588,0,0.086940428,0.78488942
62,2011,32724,0,0.103869136,0.825612826
62,2012,38440,0,0.171179562,0.78767159
62,2013,44109,0,0.144527055,0.846435067
62,2014,48470,0,0.096891337,0.834802012
62,2015,54454,0,0.120988653,0.789889226
62,2016,59549,0,0.091693907,0.812938367
62,2017,65726,0,0.101655108,0.712397989
62,2018,73704,0.546154692,0.058955056,0.671400501
62,2019,77336,0.548422262,0.06829263,0.65902904
62,2020,83392,0.517443366,0.076741492,0.655892095
63,1965,870,0,0,0
63,1966,859,0,-0.001239081,0
63,1967,865,0,0.100845169,0
63,1968,850,0,0.085699422,0
63,1969,848,0,0.098230588,0
63,1970,827,0,-0.001268868,0
63,1971,825,0,0.092370012,0
63,1972,867,0,0.089890909,0
63,1973,865,0,0.045226067,0
63,1974,861,0,-0.001531792,0
63,1975,855,0,0.09829268,0
63,1976,848,0,0.108023392,0
63,1977,849,0,0.10615566,0
63,1978,907,0,0.096949352,0
63,1979,933,0,0.088092613,0
63,1980,1065,0,0.138649518,0
63,1981,1091,0,0.103924883,0
63,1982,1155,0,0.087488543,0
63,1983,1302,0,0.124727273,0
63,1984,1565,0,0.197956989,0
63,1985,1664,0,0.10199361,0
63,1986,1838,0,0.102475962,0
63,1987,2041,0,0.108237214,0
63,1988,2305,0,0.126761391,0
63,1989,2438,0,0.116546638,0
63,1990,2632,0,0.107981952,0
63,1991,2752,0,0.094680851,0
63,1992,3098,0,0.123212209,0
63,1993,3800,0,0.222065849,0
63,1994,4976,0,0.303284211,0
63,1995,5753,0,0.153026527,0
63,1996,6513,0,0.129462889,0
63,1997,7091,0,0.116970674,0.831540861
63,1998,8011,0,0.127147088,0.842014022
63,1999,9081,0,0.130895019,0.886291855
63,2000,10050,0,0.104572184,0.821216589
63,2001,12906,0,0.278495522,0.891303486
63,2002,14472,0,0.118912134,0.858366046
63,2003,15356,0,0.108861802,0.847567112
63,2004,17229,0,0.11953243,0.83844788
63,2005,19084,0,0.105513959,0.836680636
63,2006,22679,0,0.184610145,0.849598026
63,2007,26166,0,0.150679483,0.864504369
63,2008,30983,0,0.180411985,0.871248498
63,2009,33561,0,0.111542782,0.863844447
63,2010,37182,0,0.105735228,0.87124425
63,2011,42493,0,0.139981174,0.859022918
63,2012,46827,0,0.099953404,0.852054636
63,2013,52105,0,0.110458496,0.851879462
63,2014,57804,0,0.107187794,0.849316596
63,2015,61868,0,0.092900422,0.818488977
63,2016,67451,0,0.108435702,0.853241265
63,2017,76535,0,0.131982031,0.837937844
63,2018,86908,0.735131195,0.132822108,0.631965218
63,2019,93506,0.761701645,0.084400976,0.719792663
63,2020,104157,0.735352941,0.111628986,0.613838457
64,1965,720,0,0,0
64,1966,711,0,-0.001225,0
64,1967,716,0,0.006891702,0
64,1968,704,0,-0.001642458,0
64,1969,701,0,-0.004176136,0
64,1970,684,0,-0.003766049,0
64,1971,683,0,-0.001432749,0
64,1972,717,0,0.048784773,0
64,1973,716,0,-0.001366806,0
64,1974,712,0,0.07547486,0
64,1975,708,0,-0.005505618,0
64,1976,699,0,-0.002457627,0
64,1977,709,0,0.075402003,0
64,1978,726,0,0.083497884,0
64,1979,777,0,0.088842975,0
64,1980,863,0,0.108468468,0
64,1981,910,0,0.093371958,0
64,1982,932,0,0.093692308,0
64,1983,970,0,0.109957082,0
64,1984,1111,0,0.142453608,0
64,1985,1206,0,0.08379838,0
64,1986,1420,0,0.173897181,0
64,1987,1593,0,0.119394366,0
64,1988,1829,0,0.145185185,0
64,1989,2041,0,0.113592127,0
64,1990,2252,0,0.101313082,0
64,1991,2408,0,0.077886323,0
64,1992,2722,0,0.127790698,0
64,1993,3128,0,0.146171932,0
64,1994,4270,0,0.357787724,0
64,1995,5079,0,0.185672131,0
64,1996,5635,0,0.107280961,0
64,1997,6073,0,0.076173913,0.844267116
64,1998,6822,0,0.120866129,0.819670618
64,1999,7392,0,0.081882146,0.804513672
64,2000,8590,0,0.158825758,0.813944567
64,2001,10442,0,0.211287544,0.851713591
64,2002,11640,0,0.1124344,0.849331936
64,2003,12981,0,0.112902062,0.817098303
64,2004,14620,0,0.12373623,0.829836616
64,2005,17211,0,0.173678523,0.83408425
64,2006,21239,0,0.229355645,0.813532582
64,2007,26210,0,0.229369556,0.804388225
64,2008,30719,0,0.168592903,0.801028756
64,2009,34082,0,0.107286696,0.747048312
64,2010,39144,0,0.145553665,0.844791844
64,2011,44574,0,0.135944206,0.844963244
64,2012,48961,0,0.096452192,0.796347361
64,2013,52185,0,0.084531362,0.774225344
64,2014,56811,0,0.086873239,0.754425815
64,2015,62482,0,0.097825773,0.742495972
64,2016,67830,0,0.083880798,0.782881589
64,2017,72779,0,0.07150258,0.772323466
64,2018,81945,0.751287313,0.123424065,0.706800455
64,2019,88153,0.745639029,0.094242968,0.629083047
64,2020,101827,0.719772727,0.152014339,0.597060514
65,1965,687,0,0,0
65,1966,679,0,-0.003114119,0
65,1967,684,0,0.109216495,0
65,1968,672,0,0.095719298,0
65,1969,670,0,-0.000291667,0
65,1970,654,0,0.098140299,0
65,1971,652,0,-0.000299694,0
65,1972,685,0,0.089601227,0
65,1973,684,0,0.108430657,0
65,1974,680,0,0.102173099,0
65,1975,676,0,0.098176471,0
65,1976,670,0,0.105698225,0
65,1977,671,0,0.111462687,0
65,1978,717,0,0.127183308,0
65,1979,773,0,0.096541144,0
65,1980,882,0,0.138188875,0
65,1981,935,0,0.118888889,0
65,1982,968,0,0.094588235,0
65,1983,998,0,0.090371901,0
65,1984,1129,0,0.128637275,0
65,1985,1277,0,0.128467671,0
65,1986,1489,0,0.162693814,0
65,1987,1681,0,0.126366689,0
65,1988,1895,0,0.124759072,0
65,1989,2055,0,0.12744063,0
65,1990,2289,0,0.111591241,0
65,1991,2455,0,0.101070336,0
65,1992,2742,0,0.114566191,0
65,1993,3238,0,0.177272064,0
65,1994,4253,0,0.3071958,0
65,1995,5348,0,0.252316012,0
65,1996,5987,0,0.117094241,0
65,1997,6644,0,0.10754301,0.834658297
65,1998,7121,0,0.090358218,0.856504111
65,1999,7611,0,0.107434349,0.856090781
65,2000,8717,0,0.14240967,0.868497001
65,2001,10278,0,0.175493863,0.894416861
65,2002,11605,0,0.126528507,0.85531724
65,2003,13255,0,0.139336493,0.857882251
65,2004,14484,0,0.110865334,0.838737043
65,2005,15558,0,0.092667771,0.838648807
65,2006,17819,0,0.14242062,0.823504221
65,2007,21434,0,0.198815871,0.849883956
65,2008,24687,0,0.148732854,0.861022812
65,2009,27753,0,0.121711022,0.886173835
65,2010,32361,0,0.162715382,0.861650103
65,2011,38820,0,0.19560026,0.866061276
65,2012,45243,0,0.162146832,0.853603389
65,2013,49843,0,0.139639723,0.890927645
65,2014,54407,0,0.089736172,0.851217856
65,2015,60914,0,0.117206609,0.830590747
65,2016,64630,0,0.099783958,0.860894167
65,2017,68641,0,0.087819743,0.87712291
65,2018,76709,0.789373724,0.115188299,0.757486791
65,2019,82052,0.809533831,0.087259787,0.749643117
65,2020,88782,0.759555556,0.085380734,0.743325221
